{
    "description": "MatCL: A new easy-to use OpenCL toolbox for MathWorks Matlab",
    "license": "other-open",
    "title": "IANW-Projects/MatCL",
    "version": "v1.1.1",
    "upload_type": "software",
    "publication_date": "2019-01-03",
    "creators": [
        {
            "affiliation": "TU Braunschweig",
            "name": "Philip Heinisch"
        },
        {
            "affiliation": "TU Braunschweig",
            "name": "Katharina Ostaszewski"
        },
        {
           "affiliation": "TU Braunschweig",
            "name": "Hendrik Ranocha"
        }
    ],
    "access_right": "open"
}
